{
  "project_info": {
    "project_number": "1032437544719",
    "firebase_url": "https://dddlwp.firebaseio.com",
    "project_id": "dddlwp",
    "storage_bucket": "dddlwp.appspot.com"
  },
  "client": [
    {
      "client_info": {
        "mobilesdk_app_id": "1:1032437544719:android:bd93e609371f7626",
        "android_client_info": {
          "package_name": "com.example.ddd"
        }
      },
      "oauth_client": [
        {
          "client_id": "1032437544719-lvqgakn3njjccl3j2qcold6bt041um06.apps.googleusercontent.com",
          "client_type": 1,
          "android_info": {
            "package_name": "com.example.ddd",
            "certificate_hash": "3ffdbc9b0e6533a3c6606428ff0172d5e40a88e9"
          }
        },
        {
          "client_id": "1032437544719-dp2bcn9kftiubc8eeujjscevqcq0bd0r.apps.googleusercontent.com",
          "client_type": 3
        }
      ],
      "api_key": [
        {
          "current_key": "AIzaSyA0WlD54zTG1mDIVpn6H0XpP3qQrUgKg8Y"
        }
      ],
      "services": {
        "analytics_service": {
          "status": 1
        },
        "appinvite_service": {
          "status": 2,
          "other_platform_oauth_client": [
            {
              "client_id": "1032437544719-dp2bcn9kftiubc8eeujjscevqcq0bd0r.apps.googleusercontent.com",
              "client_type": 3
            }
          ]
        },
        "ads_service": {
          "status": 2
        }
      }
    }
  ],
  "configuration_version": "1"
}